Datetime,Label
2017-05-14 19:39,Anomaly
2017-05-14 19:40,Anomaly
2017-05-14 19:41,Anomaly
2017-05-14 19:42,Anomaly
2017-05-14 19:43,Anomaly
2017-05-14 19:44,Anomaly
2017-05-14 19:45,Anomaly
2017-05-14 19:46,Anomaly
2017-05-14 19:47,Anomaly
2017-05-14 19:48,Anomaly
2017-05-14 19:49,Anomaly
2017-05-14 19:50,Anomaly
2017-05-14 19:51,Anomaly
2017-05-14 19:52,Anomaly
2017-05-14 19:53,Anomaly
2017-05-14 19:54,Anomaly
2017-05-14 19:55,Anomaly
2017-05-14 19:56,Anomaly
2017-05-14 19:57,Anomaly
2017-05-14 19:58,Anomaly
2017-05-14 19:59,Anomaly
2017-05-14 20:00,Anomaly
2017-05-14 20:01,Anomaly
2017-05-14 20:02,Anomaly
2017-05-14 20:03,Anomaly
2017-05-14 20:04,Anomaly
2017-05-14 20:05,Anomaly
2017-05-14 20:06,Anomaly
2017-05-14 20:07,Anomaly
2017-05-14 20:08,Anomaly
2017-05-14 20:09,Anomaly
2017-05-14 20:10,Anomaly
2017-05-14 20:11,Anomaly
2017-05-14 20:12,Anomaly
2017-05-14 20:13,Anomaly
2017-05-14 20:14,Anomaly
2017-05-14 20:15,Anomaly
2017-05-14 20:16,Anomaly
2017-05-14 20:17,Anomaly
2017-05-14 20:18,Anomaly
2017-05-14 20:19,Anomaly
2017-05-14 20:20,Anomaly
2017-05-14 20:21,Anomaly
2017-05-14 20:22,Anomaly
2017-05-14 20:23,Anomaly
2017-05-14 20:24,Anomaly
2017-05-14 20:25,Anomaly
2017-05-14 20:26,Anomaly
2017-05-14 20:27,Anomaly
2017-05-14 20:28,Anomaly
2017-05-14 20:29,Anomaly
2017-05-14 20:30,Anomaly
2017-05-14 20:31,Anomaly
2017-05-14 20:32,Anomaly
2017-05-14 20:33,Anomaly
2017-05-14 20:34,Anomaly
2017-05-14 20:35,Anomaly
2017-05-14 20:36,Anomaly
2017-05-14 20:37,Anomaly
2017-05-14 20:38,Anomaly
2017-05-14 20:39,Anomaly
2017-05-14 20:40,Anomaly
2017-05-14 20:41,Anomaly
2017-05-14 20:42,Anomaly
2017-05-14 20:43,Anomaly
2017-05-14 20:44,Anomaly
2017-05-14 20:45,Anomaly
2017-05-14 20:46,Anomaly
2017-05-14 20:47,Anomaly
2017-05-14 20:48,Anomaly
2017-05-14 20:49,Anomaly
2017-05-14 20:50,Anomaly
2017-05-14 20:51,Anomaly
2017-05-14 20:52,Anomaly
2017-05-14 20:53,Anomaly
2017-05-14 20:54,Anomaly
2017-05-14 20:55,Anomaly
2017-05-14 20:56,Anomaly
2017-05-14 20:57,Anomaly
2017-05-14 20:58,Anomaly
2017-05-14 20:59,Anomaly
2017-05-14 21:00,Anomaly
2017-05-14 21:01,Anomaly
2017-05-14 21:02,Anomaly
2017-05-14 21:03,Anomaly
2017-05-14 21:04,Anomaly
2017-05-14 21:05,Anomaly
2017-05-14 21:06,Anomaly
2017-05-14 21:07,Anomaly
2017-05-14 21:08,Anomaly
2017-05-14 21:09,Anomaly
2017-05-14 21:10,Anomaly
2017-05-14 21:11,Anomaly
2017-05-14 21:12,Anomaly
2017-05-14 21:13,Anomaly
2017-05-14 21:14,Anomaly
2017-05-14 21:15,Anomaly
2017-05-14 21:16,Anomaly
2017-05-14 21:17,Anomaly
2017-05-14 21:18,Anomaly
2017-05-14 21:19,Anomaly
2017-05-14 21:20,Anomaly
2017-05-14 21:21,Anomaly
2017-05-14 21:22,Anomaly
2017-05-14 21:23,Anomaly
2017-05-14 21:24,Anomaly
2017-05-14 21:25,Anomaly
2017-05-14 21:26,Anomaly
2017-05-14 21:27,Anomaly
2017-05-14 21:28,Anomaly
2017-05-14 21:29,Anomaly
2017-05-14 21:30,Anomaly
2017-05-14 21:31,Anomaly
2017-05-14 21:32,Anomaly
2017-05-14 21:33,Anomaly
2017-05-14 21:34,Anomaly
2017-05-14 21:35,Anomaly
2017-05-14 21:36,Anomaly
2017-05-14 21:37,Anomaly
2017-05-14 21:38,Anomaly
2017-05-14 21:39,Anomaly
2017-05-14 21:40,Anomaly
2017-05-14 21:41,Anomaly
2017-05-14 21:42,Anomaly
2017-05-14 21:43,Anomaly
2017-05-14 21:44,Anomaly
2017-05-14 21:45,Anomaly
2017-05-14 21:46,Anomaly
2017-05-14 21:47,Anomaly
2017-05-14 21:48,Anomaly
2017-05-14 21:49,Anomaly
2017-05-14 21:50,Anomaly
2017-05-14 21:51,Anomaly
2017-05-14 21:52,Anomaly
2017-05-14 21:53,Anomaly
2017-05-14 21:54,Anomaly
2017-05-14 21:55,Anomaly
2017-05-14 21:56,Anomaly
2017-05-16 00:00,Normal
2017-05-16 00:01,Normal
2017-05-16 00:02,Normal
2017-05-16 00:03,Normal
2017-05-16 00:04,Normal
2017-05-16 00:05,Normal
2017-05-16 00:06,Normal
2017-05-16 00:07,Normal
2017-05-16 00:08,Normal
2017-05-16 00:09,Normal
2017-05-16 00:10,Normal
2017-05-16 00:11,Normal
2017-05-16 00:12,Normal
2017-05-16 00:13,Normal
2017-05-16 00:14,Normal
2017-05-16 00:15,Normal
2017-05-16 00:16,Normal
2017-05-16 00:17,Normal
2017-05-16 00:18,Normal
2017-05-16 00:19,Normal
2017-05-16 00:20,Normal
2017-05-16 00:21,Normal
2017-05-16 00:22,Normal
2017-05-16 00:23,Normal
2017-05-16 00:24,Normal
2017-05-16 00:25,Normal
2017-05-16 00:26,Normal
2017-05-16 00:27,Normal
2017-05-16 00:28,Normal
2017-05-16 00:29,Normal
2017-05-16 00:30,Normal
2017-05-16 00:31,Normal
2017-05-16 00:32,Normal
2017-05-16 00:33,Normal
2017-05-16 00:34,Normal
2017-05-16 00:35,Normal
2017-05-16 00:36,Normal
2017-05-16 00:37,Normal
2017-05-16 00:38,Normal
2017-05-16 00:39,Normal
2017-05-16 00:40,Normal
2017-05-16 00:41,Normal
2017-05-16 00:42,Normal
2017-05-16 00:43,Normal
2017-05-16 00:44,Normal
2017-05-16 00:45,Normal
2017-05-16 00:46,Normal
2017-05-16 00:47,Normal
2017-05-16 00:48,Normal
2017-05-16 00:49,Normal
2017-05-16 00:50,Normal
2017-05-16 00:51,Normal
2017-05-16 00:52,Normal
2017-05-16 00:53,Normal
2017-05-16 00:54,Normal
2017-05-16 00:55,Normal
2017-05-16 00:56,Normal
2017-05-16 00:57,Normal
2017-05-16 00:58,Normal
2017-05-16 00:59,Normal
2017-05-16 01:00,Normal
2017-05-16 01:01,Normal
2017-05-16 01:02,Normal
2017-05-16 01:03,Normal
2017-05-16 01:04,Normal
2017-05-16 01:05,Normal
2017-05-16 01:06,Normal
2017-05-16 01:07,Normal
2017-05-16 01:08,Normal
2017-05-16 01:09,Normal
2017-05-16 01:10,Normal
2017-05-16 01:11,Normal
2017-05-16 01:12,Normal
2017-05-16 01:13,Normal
2017-05-16 01:14,Normal
2017-05-16 01:15,Normal
2017-05-16 01:16,Normal
2017-05-16 01:17,Normal
2017-05-16 01:18,Normal
2017-05-16 01:19,Normal
2017-05-16 01:20,Normal
2017-05-16 01:21,Normal
2017-05-16 01:22,Normal
2017-05-16 01:23,Normal
2017-05-16 01:24,Normal
2017-05-16 01:25,Normal
2017-05-16 01:26,Normal
2017-05-16 01:27,Normal
2017-05-16 01:28,Normal
2017-05-16 01:29,Normal
2017-05-16 01:30,Normal
2017-05-16 01:31,Normal
2017-05-16 01:32,Normal
2017-05-16 01:33,Normal
2017-05-16 01:34,Normal
2017-05-16 01:35,Normal
2017-05-16 01:36,Normal
2017-05-16 01:37,Normal
2017-05-16 01:38,Normal
2017-05-16 01:39,Normal
2017-05-16 01:40,Normal
2017-05-16 01:41,Normal
2017-05-16 01:42,Normal
2017-05-16 01:43,Normal
2017-05-16 01:44,Normal
2017-05-16 01:45,Normal
2017-05-16 01:46,Normal
2017-05-16 01:47,Normal
2017-05-16 01:48,Normal
2017-05-16 01:49,Normal
2017-05-16 01:50,Normal
2017-05-16 01:51,Normal
2017-05-16 01:52,Normal
2017-05-16 01:53,Normal
2017-05-16 01:54,Normal
2017-05-16 01:55,Normal
2017-05-16 01:56,Normal
2017-05-16 01:57,Normal
2017-05-16 01:58,Normal
2017-05-16 01:59,Normal
2017-05-16 02:00,Normal
2017-05-16 02:01,Normal
2017-05-16 02:02,Normal
2017-05-16 02:03,Normal
2017-05-16 02:04,Normal
2017-05-16 02:05,Normal
2017-05-16 02:06,Normal
2017-05-16 02:07,Normal
2017-05-16 02:08,Normal
2017-05-16 02:09,Normal
2017-05-16 02:10,Normal
2017-05-16 02:11,Normal
2017-05-16 02:12,Normal
2017-05-16 02:13,Normal
2017-05-16 02:14,Normal
2017-05-16 02:15,Normal
2017-05-16 02:16,Normal
2017-05-16 02:17,Normal
2017-05-16 02:18,Normal
2017-05-16 02:19,Normal
2017-05-16 02:20,Normal
2017-05-16 02:21,Normal
2017-05-16 02:22,Normal
2017-05-16 02:23,Normal
2017-05-16 02:24,Normal
2017-05-16 02:25,Normal
2017-05-16 02:26,Normal
2017-05-16 02:27,Normal
2017-05-16 02:28,Normal
2017-05-16 02:29,Normal
2017-05-16 02:30,Normal
2017-05-16 02:31,Normal
2017-05-16 02:32,Normal
2017-05-16 02:33,Normal
2017-05-16 02:34,Normal
2017-05-16 02:35,Normal
2017-05-16 02:36,Normal
2017-05-16 02:37,Normal
2017-05-16 02:38,Normal
2017-05-16 02:39,Normal
2017-05-16 02:40,Normal
2017-05-16 02:41,Normal
2017-05-16 02:42,Normal
2017-05-16 02:43,Normal
2017-05-16 02:44,Normal
2017-05-16 02:45,Normal
2017-05-16 02:46,Normal
2017-05-16 02:47,Normal
2017-05-16 02:48,Normal
2017-05-16 02:49,Normal
2017-05-16 02:50,Normal
2017-05-16 02:51,Normal
2017-05-16 02:52,Normal
2017-05-16 02:53,Normal
2017-05-16 02:54,Normal
2017-05-16 02:55,Normal
2017-05-16 02:56,Normal
2017-05-16 02:57,Normal
2017-05-16 02:58,Normal
2017-05-16 02:59,Normal
2017-05-16 03:00,Normal
2017-05-16 03:01,Normal
2017-05-16 03:02,Normal
2017-05-16 03:03,Normal
2017-05-16 03:04,Normal
2017-05-16 03:05,Normal
2017-05-16 03:06,Normal
2017-05-16 03:07,Normal
2017-05-16 03:08,Normal
2017-05-16 03:09,Normal
2017-05-16 03:10,Normal
2017-05-16 03:11,Normal
2017-05-16 03:12,Normal
2017-05-16 03:13,Normal
2017-05-16 03:14,Normal
2017-05-16 03:15,Normal
2017-05-16 03:16,Normal
2017-05-16 03:17,Normal
2017-05-16 03:18,Normal
2017-05-16 03:19,Normal
2017-05-16 03:20,Normal
2017-05-16 03:21,Normal
2017-05-16 03:22,Normal
2017-05-16 03:23,Normal
2017-05-16 03:24,Normal
2017-05-16 03:25,Normal
2017-05-16 03:26,Normal
2017-05-16 03:27,Normal
2017-05-16 03:28,Normal
2017-05-16 03:29,Normal
2017-05-16 03:30,Normal
2017-05-16 03:31,Normal
2017-05-16 03:32,Normal
2017-05-16 03:33,Normal
2017-05-16 03:34,Normal
2017-05-16 03:35,Normal
2017-05-16 03:36,Normal
2017-05-16 03:37,Normal
2017-05-16 03:38,Normal
2017-05-16 03:39,Normal
2017-05-16 03:40,Normal
2017-05-16 03:41,Normal
2017-05-16 03:42,Normal
2017-05-16 03:43,Normal
2017-05-16 03:44,Normal
2017-05-16 03:45,Normal
2017-05-16 03:46,Normal
2017-05-16 03:47,Normal
2017-05-16 03:48,Normal
2017-05-16 03:49,Normal
2017-05-16 03:50,Normal
2017-05-16 03:51,Normal
2017-05-16 03:52,Normal
2017-05-16 03:53,Normal
2017-05-16 03:54,Normal
2017-05-16 03:55,Normal
2017-05-16 03:56,Normal
2017-05-16 03:57,Normal
2017-05-16 03:58,Normal
2017-05-16 03:59,Normal
2017-05-16 04:00,Normal
2017-05-16 04:01,Normal
2017-05-16 04:02,Normal
2017-05-16 04:03,Normal
2017-05-16 04:04,Normal
2017-05-16 04:05,Normal
2017-05-16 04:06,Normal
2017-05-16 04:07,Normal
2017-05-16 04:08,Normal
2017-05-16 04:09,Normal
2017-05-16 04:10,Normal
2017-05-16 04:11,Normal
2017-05-16 04:12,Normal
2017-05-16 04:13,Normal
2017-05-16 04:14,Normal
2017-05-16 04:15,Normal
2017-05-16 04:16,Normal
2017-05-16 04:17,Normal
2017-05-16 04:18,Normal
2017-05-16 04:19,Normal
2017-05-16 04:20,Normal
2017-05-16 04:21,Normal
2017-05-16 04:22,Normal
2017-05-16 04:23,Normal
2017-05-16 04:24,Normal
2017-05-16 04:25,Normal
2017-05-16 04:26,Normal
2017-05-16 04:27,Normal
2017-05-16 04:28,Normal
2017-05-16 04:29,Normal
2017-05-16 04:30,Normal
2017-05-16 04:31,Normal
2017-05-16 04:32,Normal
2017-05-16 04:33,Normal
2017-05-16 04:34,Normal
2017-05-16 04:35,Normal
2017-05-16 04:36,Normal
2017-05-16 04:37,Normal
2017-05-16 04:38,Normal
2017-05-16 04:39,Normal
2017-05-16 04:40,Normal
2017-05-16 04:41,Normal
2017-05-16 04:42,Normal
2017-05-16 04:43,Normal
2017-05-16 04:44,Normal
2017-05-16 04:45,Normal
2017-05-16 04:46,Normal
2017-05-16 04:47,Normal
2017-05-16 04:48,Normal
2017-05-16 04:49,Normal
2017-05-16 04:50,Normal
2017-05-16 04:51,Normal
2017-05-16 04:52,Normal
2017-05-16 04:53,Normal
2017-05-16 04:54,Normal
2017-05-16 04:55,Normal
2017-05-16 04:56,Normal
2017-05-16 04:57,Normal
2017-05-16 04:58,Normal
2017-05-16 04:59,Normal
2017-05-16 05:00,Normal
2017-05-16 05:01,Normal
2017-05-16 05:02,Normal
2017-05-16 05:03,Normal
2017-05-16 05:04,Normal
2017-05-16 05:05,Normal
2017-05-16 05:06,Normal
2017-05-16 05:07,Normal
2017-05-16 05:08,Normal
2017-05-16 05:09,Normal
2017-05-16 05:10,Normal
2017-05-16 05:11,Normal
2017-05-16 05:12,Normal
2017-05-16 05:13,Normal
2017-05-16 05:14,Normal
2017-05-16 05:15,Normal
2017-05-16 05:16,Normal
2017-05-16 05:17,Normal
2017-05-16 05:18,Normal
2017-05-16 05:19,Normal
2017-05-16 05:20,Normal
2017-05-16 05:21,Normal
2017-05-16 05:22,Normal
2017-05-16 05:23,Normal
2017-05-16 05:24,Normal
2017-05-16 05:25,Normal
2017-05-16 05:26,Normal
2017-05-16 05:27,Normal
2017-05-16 05:28,Normal
2017-05-16 05:29,Normal
2017-05-16 05:30,Normal
2017-05-16 05:31,Normal
2017-05-16 05:32,Normal
2017-05-16 05:33,Normal
2017-05-16 05:34,Normal
2017-05-16 05:35,Normal
2017-05-16 05:36,Normal
2017-05-16 05:37,Normal
2017-05-16 05:38,Normal
2017-05-16 05:39,Normal
2017-05-16 05:40,Normal
2017-05-16 05:41,Normal
2017-05-16 05:42,Normal
2017-05-16 05:43,Normal
2017-05-16 05:44,Normal
2017-05-16 05:45,Normal
2017-05-16 05:46,Normal
2017-05-16 05:47,Normal
2017-05-16 05:48,Normal
2017-05-16 05:49,Normal
2017-05-16 05:50,Normal
2017-05-16 05:51,Normal
2017-05-16 05:52,Normal
2017-05-16 05:53,Normal
2017-05-16 05:54,Normal
2017-05-16 05:55,Normal
2017-05-16 05:56,Normal
2017-05-16 05:57,Normal
2017-05-16 05:58,Normal
2017-05-16 05:59,Normal
2017-05-16 06:00,Normal
2017-05-16 06:01,Normal
2017-05-16 06:02,Normal
2017-05-16 06:03,Normal
2017-05-16 06:04,Normal
2017-05-16 06:05,Normal
2017-05-16 06:06,Normal
2017-05-16 06:07,Normal
2017-05-16 06:08,Normal
2017-05-16 06:09,Normal
2017-05-16 06:10,Normal
2017-05-16 06:11,Normal
2017-05-16 06:12,Normal
2017-05-16 06:13,Normal
2017-05-16 06:14,Normal
2017-05-16 06:15,Normal
2017-05-16 06:16,Normal
2017-05-16 06:17,Normal
2017-05-16 06:18,Normal
2017-05-16 06:19,Normal
2017-05-16 06:20,Normal
2017-05-16 06:21,Normal
2017-05-16 06:22,Normal
2017-05-16 06:23,Normal
2017-05-16 06:24,Normal
2017-05-16 06:25,Normal
2017-05-16 15:15,Normal
2017-05-16 15:16,Normal
2017-05-16 15:17,Normal
2017-05-16 15:18,Normal
2017-05-16 15:19,Normal
2017-05-16 15:20,Normal
2017-05-16 15:21,Normal
2017-05-16 15:22,Normal
2017-05-16 15:23,Normal
2017-05-16 15:24,Normal
2017-05-16 15:25,Normal
2017-05-16 15:26,Normal
2017-05-16 15:27,Normal
2017-05-16 15:28,Normal
2017-05-16 15:29,Normal
2017-05-16 15:30,Normal
2017-05-16 15:31,Normal
2017-05-16 15:32,Normal
2017-05-16 15:33,Normal
2017-05-16 15:34,Normal
2017-05-16 15:35,Normal
2017-05-16 15:36,Normal
2017-05-16 15:37,Normal
2017-05-16 15:38,Normal
2017-05-16 15:39,Normal
2017-05-16 15:40,Normal
2017-05-16 15:41,Normal
2017-05-16 15:42,Normal
2017-05-16 15:43,Normal
2017-05-16 15:44,Normal
2017-05-16 15:45,Normal
2017-05-16 15:46,Normal
2017-05-16 15:47,Normal
2017-05-16 15:48,Normal
2017-05-16 15:49,Normal
2017-05-16 15:50,Normal
2017-05-16 15:51,Normal
2017-05-16 15:52,Normal
2017-05-16 15:53,Normal
2017-05-16 15:54,Normal
2017-05-16 15:55,Normal
2017-05-16 15:56,Normal
2017-05-16 15:57,Normal
2017-05-16 15:58,Normal
2017-05-16 15:59,Normal
2017-05-16 16:00,Normal
2017-05-16 16:01,Normal
2017-05-16 16:02,Normal
2017-05-16 16:03,Normal
2017-05-16 16:04,Normal
2017-05-16 16:05,Normal
2017-05-16 16:06,Normal
2017-05-16 16:07,Normal
2017-05-16 16:08,Normal
2017-05-16 16:09,Normal
2017-05-16 16:10,Normal
2017-05-16 16:11,Normal
2017-05-16 16:12,Normal
2017-05-16 16:13,Normal
2017-05-16 16:14,Normal
2017-05-16 16:15,Normal
2017-05-16 16:16,Normal
2017-05-16 16:17,Normal
2017-05-16 16:18,Normal
2017-05-16 16:19,Normal
2017-05-16 16:20,Normal
2017-05-16 16:21,Normal
2017-05-16 16:22,Normal
2017-05-16 16:23,Normal
2017-05-16 16:24,Normal
2017-05-16 16:25,Normal
2017-05-16 16:26,Normal
2017-05-16 16:27,Normal
2017-05-16 16:28,Normal
2017-05-16 16:29,Normal
2017-05-16 16:30,Normal
2017-05-16 16:31,Normal
2017-05-16 16:32,Normal
2017-05-16 16:33,Normal
2017-05-16 16:34,Normal
2017-05-16 16:35,Normal
2017-05-16 16:36,Normal
2017-05-16 16:37,Normal
2017-05-16 16:38,Normal
2017-05-16 16:39,Normal
2017-05-16 16:40,Normal
2017-05-16 16:41,Normal
2017-05-16 16:42,Normal
2017-05-16 16:43,Normal
2017-05-16 16:44,Normal
2017-05-16 16:45,Normal
2017-05-16 16:46,Normal
2017-05-16 16:47,Normal
2017-05-16 16:48,Normal
2017-05-16 16:49,Normal
2017-05-16 16:50,Normal
2017-05-16 16:51,Normal
2017-05-16 16:52,Normal
2017-05-16 16:53,Normal
2017-05-16 16:54,Normal
2017-05-16 16:55,Normal
2017-05-16 16:56,Normal
2017-05-16 16:57,Normal
2017-05-16 16:58,Normal
2017-05-16 16:59,Normal
2017-05-16 17:00,Normal
2017-05-16 17:01,Normal
2017-05-16 17:02,Normal
2017-05-16 17:03,Normal
2017-05-16 17:04,Normal
2017-05-16 17:05,Normal
2017-05-16 17:06,Normal
2017-05-16 17:07,Normal
2017-05-16 17:08,Normal
2017-05-16 17:09,Normal
2017-05-16 17:10,Normal
2017-05-16 17:11,Normal
2017-05-16 17:12,Normal
2017-05-16 17:13,Normal
2017-05-16 17:14,Normal
2017-05-16 17:15,Normal
2017-05-16 17:16,Normal
2017-05-16 17:17,Normal
2017-05-16 17:18,Normal
2017-05-16 17:19,Normal
2017-05-16 17:20,Normal
2017-05-16 17:21,Normal
2017-05-16 17:22,Normal
2017-05-16 17:23,Normal
2017-05-16 17:24,Normal
2017-05-16 17:25,Normal
2017-05-16 17:26,Normal
2017-05-16 17:27,Normal
2017-05-16 17:28,Normal
2017-05-16 17:29,Normal
2017-05-16 17:30,Normal
2017-05-16 17:31,Normal
2017-05-16 17:32,Normal
2017-05-16 17:33,Normal
2017-05-16 17:34,Normal
2017-05-16 17:35,Normal
2017-05-16 17:36,Normal
2017-05-16 17:37,Normal
2017-05-16 17:38,Normal
2017-05-16 17:39,Normal
2017-05-16 17:40,Normal
2017-05-16 17:41,Normal
2017-05-16 17:42,Normal
2017-05-16 17:43,Normal
2017-05-16 17:44,Normal
2017-05-16 17:45,Normal
2017-05-16 17:46,Normal
2017-05-16 17:47,Normal
2017-05-16 17:48,Normal
2017-05-16 17:49,Normal
2017-05-16 17:50,Normal
2017-05-16 17:51,Normal
2017-05-16 17:52,Normal
2017-05-16 17:53,Normal
2017-05-16 17:54,Normal
2017-05-16 17:55,Normal
2017-05-16 17:56,Normal
2017-05-16 17:57,Normal
2017-05-16 17:58,Normal
2017-05-16 17:59,Normal
2017-05-16 18:00,Normal
2017-05-16 18:01,Normal
2017-05-16 18:02,Normal
2017-05-16 18:03,Normal
2017-05-16 18:04,Normal
2017-05-16 18:05,Normal
2017-05-16 18:06,Normal
2017-05-16 18:07,Normal
2017-05-16 18:08,Normal
2017-05-16 18:09,Normal
2017-05-16 18:10,Normal
2017-05-16 18:11,Normal
2017-05-16 18:12,Normal
2017-05-16 18:13,Normal
2017-05-16 18:14,Normal
2017-05-16 18:15,Normal
2017-05-16 18:16,Normal
2017-05-16 18:17,Normal
2017-05-16 18:18,Normal
2017-05-16 18:19,Normal
2017-05-16 18:20,Normal
2017-05-16 18:21,Normal
2017-05-16 18:22,Normal
2017-05-16 18:23,Normal
2017-05-16 18:24,Normal
2017-05-16 18:25,Normal
2017-05-16 18:26,Normal
2017-05-16 18:27,Normal
2017-05-16 18:28,Normal
2017-05-16 18:29,Normal
2017-05-16 18:30,Normal
2017-05-16 18:31,Normal
2017-05-16 18:32,Normal
2017-05-16 18:33,Normal
2017-05-16 18:34,Normal
2017-05-16 18:35,Normal
2017-05-16 18:36,Normal
2017-05-16 18:37,Normal
2017-05-16 18:38,Normal
2017-05-16 18:39,Normal
2017-05-16 18:40,Normal
2017-05-16 18:41,Normal
2017-05-16 18:42,Normal
2017-05-16 18:43,Normal
2017-05-16 18:44,Normal
2017-05-16 18:45,Normal
2017-05-16 18:46,Normal
2017-05-16 18:47,Normal
2017-05-16 18:48,Normal
2017-05-16 18:49,Normal
2017-05-16 18:50,Normal
2017-05-16 18:51,Normal
2017-05-16 18:52,Normal
2017-05-16 18:53,Normal
2017-05-16 18:54,Normal
2017-05-16 18:55,Normal
2017-05-16 18:56,Normal
2017-05-16 18:57,Normal
2017-05-16 18:58,Normal
2017-05-16 18:59,Normal
2017-05-16 19:00,Normal
2017-05-16 19:01,Normal
2017-05-16 19:02,Normal
2017-05-16 19:03,Normal
2017-05-16 19:04,Normal
2017-05-16 19:05,Normal
2017-05-16 19:06,Normal
2017-05-16 19:07,Normal
2017-05-16 19:08,Normal
2017-05-16 19:09,Normal
2017-05-16 19:10,Normal
2017-05-16 19:11,Normal
2017-05-16 19:12,Normal
2017-05-16 19:13,Normal
2017-05-16 19:14,Normal
2017-05-16 19:15,Normal
2017-05-16 19:16,Normal
2017-05-16 19:17,Normal
2017-05-16 19:18,Normal
2017-05-16 19:19,Normal
2017-05-16 19:20,Normal
2017-05-16 19:21,Normal
2017-05-16 19:22,Normal
2017-05-16 19:23,Normal
2017-05-16 19:24,Normal
2017-05-16 19:25,Normal
2017-05-16 19:26,Normal
2017-05-16 19:27,Normal
2017-05-16 19:28,Normal
2017-05-16 19:29,Normal
2017-05-16 19:30,Normal
2017-05-16 19:31,Normal
2017-05-16 19:32,Normal
2017-05-16 19:33,Normal
2017-05-16 19:34,Normal
2017-05-16 19:35,Normal
2017-05-16 19:36,Normal
2017-05-16 19:37,Normal
2017-05-16 19:38,Normal
2017-05-16 19:39,Normal
2017-05-16 19:40,Normal
2017-05-16 19:41,Normal
2017-05-16 19:42,Normal
2017-05-16 19:43,Normal
2017-05-16 19:44,Normal
2017-05-16 19:45,Normal
2017-05-16 19:46,Normal
2017-05-16 19:47,Normal
2017-05-16 19:48,Normal
2017-05-16 19:49,Normal
2017-05-16 19:50,Normal
2017-05-16 19:51,Normal
2017-05-16 19:52,Normal
2017-05-16 19:53,Normal
2017-05-16 19:54,Normal
2017-05-16 19:55,Normal
2017-05-16 19:56,Normal
2017-05-16 19:57,Normal
2017-05-16 19:58,Normal
2017-05-16 19:59,Normal
2017-05-16 20:00,Normal
2017-05-16 20:01,Normal
2017-05-16 20:02,Normal
2017-05-16 20:03,Normal
2017-05-16 20:04,Normal
2017-05-16 20:05,Normal
2017-05-16 20:06,Normal
2017-05-16 20:07,Normal
2017-05-16 20:08,Normal
2017-05-16 20:09,Normal
2017-05-16 20:10,Normal
2017-05-16 20:11,Normal
2017-05-16 20:12,Normal
2017-05-16 20:13,Normal
2017-05-16 20:14,Normal
2017-05-16 20:15,Normal
2017-05-16 20:16,Normal
2017-05-16 20:17,Normal
2017-05-16 20:18,Normal
2017-05-16 20:19,Normal
2017-05-16 20:20,Normal
2017-05-16 20:21,Normal
2017-05-16 20:22,Normal
2017-05-16 20:23,Normal
2017-05-16 20:24,Normal
2017-05-16 20:25,Normal
2017-05-16 20:26,Normal
2017-05-16 20:27,Normal
2017-05-16 20:28,Normal
2017-05-16 20:29,Normal
2017-05-16 20:30,Normal
2017-05-16 20:31,Normal
2017-05-16 20:32,Normal
2017-05-16 20:33,Normal
2017-05-16 20:34,Normal
2017-05-16 20:35,Normal
2017-05-16 20:36,Normal
2017-05-16 20:37,Normal
2017-05-16 20:38,Normal
2017-05-16 20:39,Normal
2017-05-16 20:40,Normal
2017-05-16 20:41,Normal
2017-05-16 20:42,Normal
2017-05-16 20:43,Normal
2017-05-16 20:44,Normal
2017-05-16 20:45,Normal
2017-05-16 20:46,Normal
2017-05-16 20:47,Normal
2017-05-16 20:48,Normal
2017-05-16 20:49,Normal
2017-05-16 20:50,Normal
2017-05-16 20:51,Normal
2017-05-16 20:52,Normal
2017-05-16 20:53,Normal
2017-05-16 20:54,Normal
2017-05-16 20:55,Normal
2017-05-16 20:56,Normal
2017-05-16 20:57,Normal
2017-05-16 20:58,Normal
2017-05-16 20:59,Normal
2017-05-16 21:00,Normal
2017-05-16 21:01,Normal
2017-05-16 21:02,Normal
2017-05-16 21:03,Normal
2017-05-16 21:04,Normal
2017-05-16 21:05,Normal
2017-05-16 21:06,Normal
2017-05-16 21:07,Normal
2017-05-16 21:08,Normal
2017-05-16 21:09,Normal
2017-05-16 21:10,Normal
2017-05-16 21:11,Normal
2017-05-16 21:12,Normal
2017-05-16 21:13,Normal
2017-05-16 21:14,Normal
2017-05-16 21:15,Normal
2017-05-16 21:16,Normal
2017-05-16 21:17,Normal
2017-05-16 21:18,Normal
2017-05-16 21:19,Normal
2017-05-16 21:20,Normal
2017-05-16 21:21,Normal
2017-05-16 21:22,Normal
2017-05-16 21:23,Normal
2017-05-16 21:24,Normal
2017-05-16 21:25,Normal
2017-05-16 21:26,Normal
2017-05-16 21:27,Normal
2017-05-16 21:28,Normal
2017-05-16 21:29,Normal
2017-05-16 21:30,Normal
2017-05-16 21:31,Normal
2017-05-16 21:32,Normal
2017-05-16 21:33,Normal
2017-05-16 21:34,Normal
2017-05-16 21:35,Normal
2017-05-16 21:36,Normal
2017-05-16 21:37,Normal
2017-05-16 21:38,Normal
2017-05-16 21:39,Normal
2017-05-16 21:40,Normal
2017-05-16 21:41,Normal
2017-05-16 21:42,Normal
2017-05-16 21:43,Normal
2017-05-16 21:44,Normal
2017-05-16 21:45,Normal
2017-05-16 21:46,Normal
2017-05-16 21:47,Normal
2017-05-16 21:48,Normal
2017-05-16 21:49,Normal
2017-05-16 21:50,Normal
2017-05-16 21:51,Normal
2017-05-16 21:52,Normal
2017-05-16 21:53,Normal
2017-05-16 21:54,Normal
2017-05-16 21:55,Normal
2017-05-16 21:56,Normal
2017-05-16 21:57,Normal
2017-05-16 21:58,Normal
2017-05-16 21:59,Normal
2017-05-16 22:00,Normal
2017-05-16 22:01,Normal
2017-05-16 22:02,Normal
2017-05-16 22:03,Normal
2017-05-16 22:04,Normal
2017-05-16 22:05,Normal
2017-05-16 22:06,Normal
2017-05-16 22:07,Normal
2017-05-16 22:08,Normal
2017-05-16 22:09,Normal
2017-05-16 22:10,Normal
2017-05-16 22:11,Normal
2017-05-16 22:12,Normal
2017-05-16 22:13,Normal
2017-05-16 22:14,Normal
2017-05-16 22:15,Normal
2017-05-16 22:16,Normal
2017-05-16 22:17,Normal
2017-05-16 22:18,Normal
2017-05-16 22:19,Normal
2017-05-16 22:20,Normal
2017-05-16 22:21,Normal
2017-05-16 22:22,Normal
2017-05-16 22:23,Normal
2017-05-16 22:24,Normal
2017-05-16 22:25,Normal
2017-05-16 22:26,Normal
2017-05-16 22:27,Normal
2017-05-16 22:28,Normal
2017-05-16 22:29,Normal
2017-05-16 22:30,Normal
2017-05-16 22:31,Normal
2017-05-16 22:32,Normal
2017-05-16 22:33,Normal
2017-05-16 22:34,Normal
2017-05-16 22:35,Normal
2017-05-16 22:36,Normal
2017-05-16 22:37,Normal
2017-05-16 22:38,Normal
2017-05-16 22:39,Normal
2017-05-16 22:40,Normal
2017-05-16 22:41,Normal
2017-05-16 22:42,Normal
2017-05-16 22:43,Normal
2017-05-16 22:44,Normal
2017-05-16 22:45,Normal
2017-05-16 22:46,Normal
2017-05-16 22:47,Normal
2017-05-16 22:48,Normal
2017-05-16 22:49,Normal
2017-05-16 22:50,Normal
2017-05-16 22:51,Normal
2017-05-16 22:52,Normal
2017-05-16 22:53,Normal
2017-05-16 22:54,Normal
2017-05-16 22:55,Normal
2017-05-16 22:56,Normal
2017-05-16 22:57,Normal
2017-05-16 22:58,Normal
2017-05-16 22:59,Normal
2017-05-16 23:00,Normal
2017-05-16 23:01,Normal
2017-05-16 23:02,Normal
2017-05-16 23:03,Normal
2017-05-16 23:04,Normal
2017-05-16 23:05,Normal
2017-05-16 23:06,Normal
2017-05-16 23:07,Normal
2017-05-16 23:08,Normal
2017-05-16 23:09,Normal
2017-05-16 23:10,Normal
2017-05-16 23:11,Normal
2017-05-16 23:12,Normal
2017-05-16 23:13,Normal
2017-05-16 23:14,Normal
2017-05-16 23:15,Normal
2017-05-16 23:16,Normal
2017-05-16 23:17,Normal
2017-05-16 23:18,Normal
2017-05-16 23:19,Normal
2017-05-16 23:20,Normal
2017-05-16 23:21,Normal
2017-05-16 23:22,Normal
2017-05-16 23:23,Normal
2017-05-16 23:24,Normal
2017-05-16 23:25,Normal
2017-05-16 23:26,Normal
2017-05-16 23:27,Normal
2017-05-16 23:28,Normal
2017-05-16 23:29,Normal
2017-05-16 23:30,Normal
2017-05-16 23:31,Normal
2017-05-16 23:32,Normal
2017-05-16 23:33,Normal
2017-05-16 23:34,Normal
2017-05-16 23:35,Normal
2017-05-16 23:36,Normal
2017-05-16 23:37,Normal
2017-05-16 23:38,Normal
2017-05-16 23:39,Normal
2017-05-16 23:40,Normal
2017-05-16 23:41,Normal
2017-05-16 23:42,Normal
2017-05-16 23:43,Normal
2017-05-16 23:44,Normal
2017-05-16 23:45,Normal
2017-05-16 23:46,Normal
2017-05-16 23:47,Normal
2017-05-16 23:48,Normal
2017-05-16 23:49,Normal
2017-05-16 23:50,Normal
2017-05-16 23:51,Normal
2017-05-16 23:52,Normal
2017-05-16 23:53,Normal
2017-05-16 23:54,Normal
2017-05-16 23:55,Normal
2017-05-16 23:56,Normal
2017-05-16 23:57,Normal
2017-05-16 23:58,Normal
2017-05-16 23:59,Normal
2017-05-17 00:00,Normal
2017-05-17 00:01,Normal
2017-05-17 00:02,Normal
2017-05-17 00:03,Normal
2017-05-17 00:04,Normal
2017-05-17 00:05,Normal
2017-05-17 00:06,Normal
2017-05-17 00:07,Normal
2017-05-17 00:08,Normal
2017-05-17 00:09,Normal
2017-05-17 00:10,Normal
2017-05-17 00:11,Normal
2017-05-17 00:12,Normal
2017-05-17 00:13,Normal
2017-05-17 00:14,Normal
2017-05-17 00:15,Normal
2017-05-17 00:16,Normal
2017-05-17 00:17,Normal
2017-05-17 00:18,Normal
2017-05-17 00:19,Normal
2017-05-17 00:20,Normal
2017-05-17 00:21,Normal
2017-05-17 00:22,Normal
2017-05-17 00:23,Normal
2017-05-17 00:24,Normal
2017-05-17 00:25,Normal
2017-05-17 00:26,Normal
2017-05-17 00:27,Normal
2017-05-17 00:28,Normal
2017-05-17 00:29,Normal
2017-05-17 00:30,Normal
2017-05-17 00:31,Normal
2017-05-17 00:32,Normal
2017-05-17 00:33,Normal
2017-05-17 00:34,Normal
2017-05-17 00:35,Normal
2017-05-17 00:36,Normal
2017-05-17 00:37,Normal
2017-05-17 00:38,Normal
2017-05-17 00:39,Normal
2017-05-17 00:40,Normal
2017-05-17 00:41,Normal
2017-05-17 00:42,Normal
2017-05-17 00:43,Normal
2017-05-17 00:44,Normal
2017-05-17 00:45,Normal
2017-05-17 00:46,Normal
2017-05-17 00:47,Normal
2017-05-17 00:48,Normal
2017-05-17 00:49,Normal
2017-05-17 00:50,Normal
2017-05-17 00:51,Normal
2017-05-17 00:52,Normal
2017-05-17 00:53,Normal
2017-05-17 00:54,Normal
2017-05-17 00:55,Normal
2017-05-17 00:56,Normal
2017-05-17 00:57,Normal
2017-05-17 00:58,Normal
2017-05-17 00:59,Normal
2017-05-17 01:00,Normal
2017-05-17 01:01,Normal
2017-05-17 01:02,Normal
2017-05-17 01:03,Normal
2017-05-17 01:04,Normal
2017-05-17 01:05,Normal
2017-05-17 01:06,Normal
2017-05-17 01:07,Normal
2017-05-17 01:08,Normal
2017-05-17 01:09,Normal
2017-05-17 01:10,Normal
2017-05-17 01:11,Normal
2017-05-17 01:12,Normal
2017-05-17 01:13,Normal
2017-05-17 01:14,Normal
2017-05-17 01:15,Normal
2017-05-17 01:16,Normal
2017-05-17 01:17,Normal
2017-05-17 01:18,Normal
2017-05-17 01:19,Normal
2017-05-17 01:20,Normal
2017-05-17 01:21,Normal
2017-05-17 01:22,Normal
2017-05-17 01:23,Normal
2017-05-17 01:24,Normal
2017-05-17 01:25,Normal
2017-05-17 01:26,Normal
2017-05-17 01:27,Normal
2017-05-17 01:28,Normal
2017-05-17 01:29,Normal
2017-05-17 01:30,Normal
2017-05-17 01:31,Normal
2017-05-17 01:32,Normal
2017-05-17 01:33,Normal
2017-05-17 01:34,Normal
2017-05-17 01:35,Normal
2017-05-17 01:36,Normal
2017-05-17 01:37,Normal
2017-05-17 01:38,Normal
2017-05-17 01:39,Normal
2017-05-17 01:40,Normal
2017-05-17 01:41,Normal
2017-05-17 01:42,Normal
2017-05-17 01:43,Normal
2017-05-17 01:44,Normal
2017-05-17 01:45,Normal
2017-05-17 01:46,Normal
2017-05-17 01:47,Normal
2017-05-17 01:48,Normal
2017-05-17 01:49,Normal
2017-05-17 01:50,Normal
2017-05-17 01:51,Normal
2017-05-17 01:52,Normal
2017-05-17 01:53,Normal
2017-05-17 01:54,Normal
2017-05-17 01:55,Normal
2017-05-17 01:56,Normal
2017-05-17 01:57,Normal
2017-05-17 01:58,Normal
2017-05-17 01:59,Normal
2017-05-17 02:00,Normal
2017-05-17 02:01,Normal
2017-05-17 02:02,Normal
2017-05-17 02:03,Normal
2017-05-17 02:04,Normal
2017-05-17 02:05,Normal
2017-05-17 02:06,Normal
2017-05-17 02:07,Normal
2017-05-17 02:08,Normal
2017-05-17 02:09,Normal
2017-05-17 02:10,Normal
2017-05-17 02:11,Normal
2017-05-17 02:12,Normal
2017-05-17 02:13,Normal
2017-05-17 02:14,Normal
2017-05-17 02:15,Normal
2017-05-17 02:16,Normal
2017-05-17 02:17,Normal
2017-05-17 02:18,Normal
2017-05-17 02:19,Normal
2017-05-17 02:20,Normal
2017-05-17 02:21,Normal
2017-05-17 02:22,Normal
2017-05-17 02:23,Normal
2017-05-17 02:24,Normal
2017-05-17 02:25,Normal
2017-05-17 02:26,Normal
2017-05-17 02:27,Normal
2017-05-17 02:28,Normal
2017-05-17 02:29,Normal
2017-05-17 02:30,Normal
2017-05-17 02:31,Normal
2017-05-17 02:32,Normal
2017-05-17 02:33,Normal
2017-05-17 02:34,Normal
2017-05-17 02:35,Normal
2017-05-17 02:36,Normal
2017-05-17 02:37,Normal
2017-05-17 02:38,Normal
2017-05-17 02:39,Normal
2017-05-17 02:40,Normal
2017-05-17 02:41,Normal
2017-05-17 02:42,Normal
2017-05-17 02:43,Normal
2017-05-17 02:44,Normal
2017-05-17 02:45,Normal
2017-05-17 02:46,Normal
2017-05-17 02:47,Normal
2017-05-17 02:48,Normal
2017-05-17 02:49,Normal
2017-05-17 02:50,Normal
2017-05-17 02:51,Normal
2017-05-17 02:52,Normal
2017-05-17 02:53,Normal
2017-05-17 02:54,Normal
2017-05-17 02:55,Normal
2017-05-17 02:56,Normal
2017-05-17 02:57,Normal
2017-05-17 02:58,Normal
2017-05-17 02:59,Normal
2017-05-17 03:00,Normal
2017-05-17 03:01,Normal
2017-05-17 03:02,Normal
2017-05-17 03:03,Normal
2017-05-17 03:04,Normal
2017-05-17 03:05,Normal
2017-05-17 03:06,Normal
2017-05-17 03:07,Normal
2017-05-17 03:08,Normal
2017-05-17 03:09,Normal
2017-05-17 03:10,Normal
2017-05-17 03:11,Normal
2017-05-17 03:12,Normal
2017-05-17 03:13,Normal
2017-05-17 03:14,Normal
2017-05-17 03:15,Normal
2017-05-17 03:16,Normal
2017-05-17 03:17,Normal
2017-05-17 03:18,Normal
2017-05-17 03:19,Normal
2017-05-17 03:20,Normal
2017-05-17 03:21,Normal
2017-05-17 03:22,Normal
2017-05-17 03:23,Normal
2017-05-17 03:24,Normal
2017-05-17 03:25,Normal
2017-05-17 03:26,Normal
2017-05-17 03:27,Normal
2017-05-17 03:28,Normal
2017-05-17 03:29,Normal
2017-05-17 03:30,Normal
2017-05-17 03:31,Normal
2017-05-17 03:32,Normal
2017-05-17 03:33,Normal
2017-05-17 03:34,Normal
2017-05-17 03:35,Normal
2017-05-17 03:36,Normal
2017-05-17 03:37,Normal
2017-05-17 03:38,Normal
2017-05-17 03:39,Normal
2017-05-17 03:40,Normal
2017-05-17 03:41,Normal
2017-05-17 03:42,Normal
2017-05-17 03:43,Normal
2017-05-17 03:44,Normal
2017-05-17 03:45,Normal
2017-05-17 03:46,Normal
2017-05-17 03:47,Normal
2017-05-17 03:48,Normal
2017-05-17 03:49,Normal
2017-05-17 03:50,Normal
2017-05-17 03:51,Normal
2017-05-17 03:52,Normal
2017-05-17 03:53,Normal
2017-05-17 03:54,Normal
2017-05-17 03:55,Normal
2017-05-17 03:56,Normal
2017-05-17 03:57,Normal
2017-05-17 03:58,Normal
2017-05-17 03:59,Normal
2017-05-17 04:00,Normal
2017-05-17 04:01,Normal
2017-05-17 04:02,Normal
2017-05-17 04:03,Normal
2017-05-17 04:04,Normal
2017-05-17 04:05,Normal
2017-05-17 04:06,Normal
2017-05-17 04:07,Normal
2017-05-17 04:08,Normal
2017-05-17 04:09,Normal
2017-05-17 04:10,Normal
2017-05-17 04:11,Normal
2017-05-17 04:12,Normal
2017-05-17 04:13,Normal
2017-05-17 04:14,Normal
2017-05-17 04:15,Normal
2017-05-17 04:16,Normal
2017-05-17 04:17,Normal
2017-05-17 04:18,Normal
2017-05-17 04:19,Normal
2017-05-17 04:20,Normal
2017-05-17 04:21,Normal
2017-05-17 04:22,Normal
2017-05-17 04:23,Normal
2017-05-17 04:24,Normal
2017-05-17 04:25,Normal
2017-05-17 04:26,Normal
2017-05-17 04:27,Normal
2017-05-17 04:28,Normal
2017-05-17 04:29,Normal
2017-05-17 04:30,Normal
2017-05-17 04:31,Normal
2017-05-17 04:32,Normal
2017-05-17 04:33,Normal
2017-05-17 04:34,Normal
2017-05-17 04:35,Normal
2017-05-17 04:36,Normal
2017-05-17 04:37,Normal
2017-05-17 04:38,Normal
2017-05-17 04:39,Normal
2017-05-17 04:40,Normal
2017-05-17 04:41,Normal
2017-05-17 04:42,Normal
2017-05-17 04:43,Normal
2017-05-17 04:44,Normal
2017-05-17 04:45,Normal
2017-05-17 04:46,Normal
2017-05-17 04:47,Normal
2017-05-17 04:48,Normal
2017-05-17 04:49,Normal
2017-05-17 04:50,Normal
2017-05-17 04:51,Normal
2017-05-17 04:52,Normal
2017-05-17 04:53,Normal
2017-05-17 04:54,Normal
2017-05-17 04:55,Normal
2017-05-17 04:56,Normal
2017-05-17 04:57,Normal
2017-05-17 04:58,Normal
2017-05-17 04:59,Normal
2017-05-17 05:00,Normal
2017-05-17 05:01,Normal
2017-05-17 05:02,Normal
2017-05-17 05:03,Normal
2017-05-17 05:04,Normal
2017-05-17 05:05,Normal
2017-05-17 05:06,Normal
2017-05-17 05:07,Normal
2017-05-17 05:08,Normal
2017-05-17 05:09,Normal
2017-05-17 05:10,Normal
2017-05-17 05:11,Normal
2017-05-17 05:12,Normal
2017-05-17 05:13,Normal
2017-05-17 05:14,Normal
2017-05-17 05:15,Normal
2017-05-17 05:16,Normal
2017-05-17 05:17,Normal
2017-05-17 05:18,Normal
2017-05-17 05:19,Normal
2017-05-17 05:20,Normal
2017-05-17 05:21,Normal
2017-05-17 05:22,Normal
2017-05-17 05:23,Normal
2017-05-17 05:24,Normal
2017-05-17 05:25,Normal
2017-05-17 05:26,Normal
2017-05-17 05:27,Normal
2017-05-17 05:28,Normal
2017-05-17 05:29,Normal
2017-05-17 05:30,Normal
2017-05-17 05:31,Normal
2017-05-17 05:32,Normal
2017-05-17 05:33,Normal
2017-05-17 05:34,Normal
2017-05-17 05:35,Normal
2017-05-17 05:36,Normal
2017-05-17 05:37,Normal
2017-05-17 05:38,Normal
2017-05-17 05:39,Normal
2017-05-17 05:40,Normal
2017-05-17 05:41,Normal
2017-05-17 05:42,Normal
2017-05-17 05:43,Normal
2017-05-17 05:44,Normal
2017-05-17 05:45,Normal
2017-05-17 05:46,Normal
2017-05-17 05:47,Normal
2017-05-17 05:48,Normal
2017-05-17 05:49,Normal
2017-05-17 05:50,Normal
2017-05-17 05:51,Normal
2017-05-17 05:52,Normal
2017-05-17 05:53,Normal
2017-05-17 05:54,Normal
2017-05-17 05:55,Normal
2017-05-17 05:56,Normal
2017-05-17 05:57,Normal
2017-05-17 05:58,Normal
2017-05-17 05:59,Normal
2017-05-17 06:00,Normal
2017-05-17 06:01,Normal
2017-05-17 06:02,Normal
2017-05-17 06:03,Normal
2017-05-17 06:04,Normal
2017-05-17 06:05,Normal
2017-05-17 06:06,Normal
2017-05-17 06:07,Normal
2017-05-17 06:08,Normal
2017-05-17 06:09,Normal
2017-05-17 06:10,Normal
2017-05-17 06:11,Normal
2017-05-17 06:12,Normal
2017-05-17 06:13,Normal
2017-05-17 06:14,Normal
2017-05-17 06:15,Normal
2017-05-17 06:16,Normal
2017-05-17 06:17,Normal
2017-05-17 06:18,Normal
2017-05-17 06:19,Normal
2017-05-17 06:20,Normal
2017-05-17 06:21,Normal
2017-05-17 06:22,Normal
2017-05-17 06:23,Normal
2017-05-17 06:24,Normal
2017-05-17 06:25,Normal
2017-05-17 06:26,Normal
2017-05-17 06:27,Normal
2017-05-17 06:28,Normal
2017-05-17 06:29,Normal
2017-05-17 06:30,Normal
2017-05-17 06:31,Normal
2017-05-17 06:32,Normal
2017-05-17 06:33,Normal
2017-05-17 06:34,Normal
2017-05-17 06:35,Normal
2017-05-17 06:36,Normal
2017-05-17 06:37,Normal
2017-05-17 06:38,Normal
2017-05-17 06:39,Normal
2017-05-17 06:40,Normal
2017-05-17 06:41,Normal
2017-05-17 06:42,Normal
2017-05-17 06:43,Normal
2017-05-17 06:44,Normal
2017-05-17 06:45,Normal
2017-05-17 06:46,Normal
2017-05-17 06:47,Normal
2017-05-17 06:48,Normal
2017-05-17 06:49,Normal
2017-05-17 06:50,Normal
2017-05-17 06:51,Normal
2017-05-17 06:52,Normal
2017-05-17 06:53,Normal
2017-05-17 06:54,Normal
2017-05-17 06:55,Normal
2017-05-17 06:56,Normal
2017-05-17 06:57,Normal
2017-05-17 06:58,Normal
2017-05-17 06:59,Normal
2017-05-17 07:00,Normal
2017-05-17 07:01,Normal
2017-05-17 07:02,Normal
2017-05-17 07:03,Normal
2017-05-17 07:04,Normal
2017-05-17 07:05,Normal
2017-05-17 07:06,Normal
2017-05-17 07:07,Normal
2017-05-17 07:08,Normal
2017-05-17 07:09,Normal
2017-05-17 07:10,Normal
2017-05-17 07:11,Normal
2017-05-17 07:12,Normal
2017-05-17 07:13,Normal
2017-05-17 07:14,Normal
2017-05-17 07:15,Normal
2017-05-17 07:16,Normal
2017-05-17 07:17,Normal
2017-05-17 07:18,Normal
2017-05-17 07:19,Normal
2017-05-17 07:20,Normal
2017-05-17 07:21,Normal
2017-05-17 07:22,Normal
2017-05-17 07:23,Normal
2017-05-17 07:24,Normal
2017-05-17 07:25,Normal
2017-05-17 07:26,Normal
2017-05-17 07:27,Normal
2017-05-17 07:28,Normal
2017-05-17 07:29,Normal
2017-05-17 07:30,Normal
2017-05-17 07:31,Normal
2017-05-17 07:32,Normal
2017-05-17 07:33,Normal
2017-05-17 07:34,Normal
2017-05-17 07:35,Normal
2017-05-17 07:36,Normal
2017-05-17 07:37,Normal
2017-05-17 07:38,Normal
2017-05-17 07:39,Normal
2017-05-17 07:40,Normal
2017-05-17 07:41,Normal
2017-05-17 07:42,Normal
2017-05-17 07:43,Normal
2017-05-17 07:44,Normal
2017-05-17 07:45,Normal
2017-05-17 07:46,Normal
2017-05-17 07:47,Normal
2017-05-17 07:48,Normal
2017-05-17 07:49,Normal
2017-05-17 07:50,Normal
2017-05-17 07:51,Normal
2017-05-17 07:52,Normal
2017-05-17 07:53,Normal
2017-05-17 07:54,Normal
2017-05-17 07:55,Normal
2017-05-17 07:56,Normal
2017-05-17 07:57,Normal
2017-05-17 07:58,Normal
2017-05-17 07:59,Normal
2017-05-17 08:00,Normal
2017-05-17 08:01,Normal
2017-05-17 08:02,Normal
2017-05-17 08:03,Normal
2017-05-17 08:04,Normal
2017-05-17 08:05,Normal
2017-05-17 08:06,Normal
2017-05-17 08:07,Normal
2017-05-17 08:08,Normal
2017-05-17 08:09,Normal
2017-05-17 08:10,Normal
2017-05-17 08:11,Normal
2017-05-17 08:12,Normal
2017-05-17 08:13,Normal
2017-05-17 08:14,Normal
2017-05-17 08:15,Normal
2017-05-17 08:16,Normal
2017-05-17 08:17,Normal
2017-05-17 08:18,Normal
2017-05-17 08:19,Normal
2017-05-17 08:20,Normal
2017-05-17 08:21,Normal
2017-05-17 08:22,Normal
2017-05-17 08:23,Normal
2017-05-17 08:24,Normal
2017-05-17 08:25,Normal
2017-05-17 08:26,Normal
2017-05-17 08:27,Normal
2017-05-17 08:28,Normal
2017-05-17 08:29,Normal
2017-05-17 08:30,Normal
2017-05-17 08:31,Normal
2017-05-17 08:32,Normal
2017-05-17 08:33,Normal
2017-05-17 08:34,Normal
2017-05-17 08:35,Normal
2017-05-17 08:36,Normal
2017-05-17 08:37,Normal
2017-05-17 08:38,Normal
2017-05-17 08:39,Normal
2017-05-17 08:40,Normal
2017-05-17 08:41,Normal
2017-05-17 08:42,Normal
2017-05-17 08:43,Normal
2017-05-17 08:44,Normal
2017-05-17 08:45,Normal
2017-05-17 08:46,Normal
2017-05-17 08:47,Normal
2017-05-17 08:48,Normal
2017-05-17 08:49,Normal
2017-05-17 08:50,Normal
2017-05-17 08:51,Normal
2017-05-17 08:52,Normal
2017-05-17 08:53,Normal
2017-05-17 08:54,Normal
2017-05-17 08:55,Normal
2017-05-17 08:56,Normal
2017-05-17 08:57,Normal
2017-05-17 08:58,Normal
2017-05-17 08:59,Normal
2017-05-17 09:00,Normal
2017-05-17 09:01,Normal
2017-05-17 09:02,Normal
2017-05-17 09:03,Normal
2017-05-17 09:04,Normal
2017-05-17 09:05,Normal
2017-05-17 09:06,Normal
2017-05-17 09:07,Normal
2017-05-17 09:08,Normal
2017-05-17 09:09,Normal
2017-05-17 09:10,Normal
2017-05-17 09:11,Normal
2017-05-17 09:12,Normal
2017-05-17 09:13,Normal
2017-05-17 09:14,Normal
2017-05-17 09:15,Normal
2017-05-17 09:16,Normal
2017-05-17 09:17,Normal
2017-05-17 09:18,Normal
2017-05-17 09:19,Normal
2017-05-17 09:20,Normal
2017-05-17 09:21,Normal
2017-05-17 09:22,Normal
2017-05-17 09:23,Normal
2017-05-17 09:24,Normal
2017-05-17 09:25,Normal
2017-05-17 09:26,Normal
2017-05-17 09:27,Normal
2017-05-17 09:28,Normal
2017-05-17 09:29,Normal
2017-05-17 09:30,Normal
2017-05-17 09:31,Normal
2017-05-17 09:32,Normal
2017-05-17 09:33,Normal
2017-05-17 09:34,Normal
2017-05-17 09:35,Normal
2017-05-17 09:36,Normal
2017-05-17 09:37,Normal
2017-05-17 09:38,Normal
2017-05-17 09:39,Normal
2017-05-17 09:40,Normal
2017-05-17 09:41,Normal
2017-05-17 09:42,Normal
2017-05-17 09:43,Normal
2017-05-17 09:44,Normal
2017-05-17 09:45,Normal
2017-05-17 09:46,Normal
2017-05-17 09:47,Normal
2017-05-17 09:48,Normal
2017-05-17 09:49,Normal
2017-05-17 09:50,Normal
2017-05-17 09:51,Normal
2017-05-17 09:52,Normal
2017-05-17 09:53,Normal
2017-05-17 09:54,Normal
2017-05-17 09:55,Normal
2017-05-17 09:56,Normal
2017-05-17 09:57,Normal
2017-05-17 09:58,Normal
2017-05-17 09:59,Normal
2017-05-17 10:00,Normal
2017-05-17 10:01,Normal
2017-05-17 10:02,Normal
2017-05-17 10:03,Normal
2017-05-17 10:04,Normal
2017-05-17 10:05,Normal
2017-05-17 10:06,Normal
2017-05-17 10:07,Normal
2017-05-17 10:08,Normal
2017-05-17 10:09,Normal
2017-05-17 10:10,Normal
2017-05-17 10:11,Normal
2017-05-17 10:12,Normal
2017-05-17 10:13,Normal
2017-05-17 10:14,Normal
2017-05-17 10:15,Normal
2017-05-17 10:16,Normal
2017-05-17 10:17,Normal
2017-05-17 10:18,Normal
2017-05-17 10:19,Normal
2017-05-17 10:20,Normal
2017-05-17 10:21,Normal
2017-05-17 10:22,Normal
2017-05-17 10:23,Normal
2017-05-17 10:24,Normal
2017-05-17 10:25,Normal
2017-05-17 10:26,Normal
2017-05-17 10:27,Normal
2017-05-17 10:28,Normal
2017-05-17 10:29,Normal
2017-05-17 10:30,Normal
2017-05-17 10:31,Normal
2017-05-17 10:32,Normal
2017-05-17 10:33,Normal
2017-05-17 10:34,Normal
2017-05-17 10:35,Normal
2017-05-17 10:36,Normal
2017-05-17 10:37,Normal
2017-05-17 10:38,Normal
2017-05-17 10:39,Normal
2017-05-17 10:40,Normal
2017-05-17 10:41,Normal
2017-05-17 10:42,Normal
2017-05-17 10:43,Normal
2017-05-17 10:44,Normal
2017-05-17 10:45,Normal
2017-05-17 10:46,Normal
2017-05-17 10:47,Normal
2017-05-17 10:48,Normal
2017-05-17 10:49,Normal
2017-05-17 10:50,Normal
2017-05-17 10:51,Normal
2017-05-17 10:52,Normal
2017-05-17 10:53,Normal
2017-05-17 10:54,Normal
2017-05-17 10:55,Normal
2017-05-17 10:56,Normal
2017-05-17 10:57,Normal
2017-05-17 10:58,Normal
2017-05-17 10:59,Normal
2017-05-17 11:00,Normal
2017-05-17 11:01,Normal
2017-05-17 11:02,Normal
2017-05-17 11:03,Normal
2017-05-17 11:04,Normal
2017-05-17 11:05,Normal
2017-05-17 11:06,Normal
2017-05-17 11:07,Normal
2017-05-17 11:08,Normal
2017-05-17 11:09,Normal
2017-05-17 11:10,Normal
2017-05-17 11:11,Normal
2017-05-17 11:12,Normal
2017-05-17 11:13,Normal
2017-05-17 11:14,Normal
2017-05-17 11:15,Normal
2017-05-17 11:16,Normal
2017-05-17 11:17,Normal
2017-05-17 11:18,Normal
2017-05-17 11:19,Normal
2017-05-17 11:20,Normal
2017-05-17 11:21,Normal
2017-05-17 11:22,Normal
2017-05-17 11:23,Normal
2017-05-17 11:24,Normal
2017-05-17 11:25,Normal
2017-05-17 11:26,Normal
2017-05-17 11:27,Normal
2017-05-17 11:28,Normal
2017-05-17 11:29,Normal
2017-05-17 11:30,Normal
2017-05-17 11:31,Normal
2017-05-17 11:32,Normal
2017-05-17 11:33,Normal
2017-05-17 11:34,Normal
2017-05-17 11:35,Normal
2017-05-17 11:36,Normal
2017-05-17 11:37,Normal
2017-05-17 11:38,Normal
2017-05-17 11:39,Normal
2017-05-17 11:40,Normal
2017-05-17 11:41,Normal
2017-05-17 11:42,Normal
2017-05-17 11:43,Normal
2017-05-17 11:44,Normal
2017-05-17 11:45,Normal
2017-05-17 11:46,Normal
2017-05-17 11:47,Normal
2017-05-17 11:48,Normal
2017-05-17 11:49,Normal
2017-05-17 11:50,Normal
2017-05-17 11:51,Normal
2017-05-17 11:52,Normal
2017-05-17 11:53,Normal
2017-05-17 11:54,Normal
2017-05-17 11:55,Normal
2017-05-17 11:56,Normal
2017-05-17 11:57,Normal
2017-05-17 11:58,Normal
2017-05-17 11:59,Normal
2017-05-17 12:00,Normal
2017-05-17 12:01,Normal
2017-05-17 12:02,Normal
